OrderId,Référence,Operation,Nom1,Status,Origin,B2C,Créé le,Label5
SPK_SPKSO_PREPROD_2510914,501187586,B2C SPK,Vinciunaite Julija,Creating,WebService,True,11/03/2025 15:44:05,2P_COLDOM
SPK_SPKSO_PREPROD_2510913,501187585,B2C SPK,PONS SARAH,Creating,WebService,True,11/03/2025 10:14:07,CHR_13H
REC_AEY8900,AEY8900,B2B,Antoine Meyer,AwaitValidation,WebService,True,11/03/2025 09:48:16,RETAAV9062-1
TE_4511647,4511647,B2B PROBIP,sandra estienne,Creating,WebService,True,10/03/2025 13:12:55,CHR_13H
TE_4511645,4511645,B2C TE,emmanuel estienne,Creating,WebService,True,10/03/2025 11:45:05,2P_COLDOM
TE_4511644,4511644,B2C TE,sandra estienne,Creating,WebService,True,10/03/2025 11:09:23,2P_COLDOM
REC_AEY6192,AEY6192,B2C,Baptiste Morel,Creating,WebService,True,07/03/2025 15:48:13,539742-18-18000470308
REC_AEY6191,AEY6191,B2C,Romain Leroy,Creating,WebService,True,07/03/2025 15:48:08,49482041
REC_AEY6190,AEY6190,B2C,Enzo David,Creating,WebService,True,07/03/2025 15:48:03,A-3085572-1-A
TE_4511643,4511643,B2C TE,emmanuel estienne,Creating,WebService,True,07/03/2025 12:54:48,2P_COLDOM
TE_4511642,4511642,B2C TE,emmanuel estienne,Creating,WebService,True,07/03/2025 12:49:42,2P_COLDOM
TE_4511641,4511641,B2C TE,emmanuel estienne,Creating,WebService,True,07/03/2025 12:39:06,2P_COLDOM
TE_4511640,4511640,B2C TE,emmanuel estienne,Creating,WebService,True,07/03/2025 12:25:49,2P_COLDOM
TE_4511639,4511639,B2B PROBIP,sandra estienne,Creating,WebService,True,07/03/2025 12:23:42,CHR_13H
TE_4511638,4511638,B2C TE,sandra estienne,Creating,WebService,True,07/03/2025 12:23:18,2P_COLDOM
TE_4511637,4511637,B2B PROBIP,Fabrice Potillion,Creating,WebService,True,06/03/2025 15:12:41,CHR_13H
TE_4511636,4511636,B2B PROBIP,sandra estienne,Creating,WebService,True,06/03/2025 13:21:53,CHR_13H
TE_4511635,4511635,B2B PROBIP,Fabrice Potillion,Creating,WebService,True,06/03/2025 11:53:39,CHR_13H
TE_4511632,4511632,B2B PROBIP,sandra estienne,Creating,WebService,True,06/03/2025 10:10:16,CHR_13H
TE_4511630,4511630,B2B PROBIP,Fabrice Potillion,Creating,WebService,True,05/03/2025 16:22:52,CHR_13H
TE_4511629,4511629,B2B PROBIP,sandra estienne,Creating,WebService,True,05/03/2025 16:21:55,2P_COLDOM
TE_4511628,4511628,B2B PROBIP,Fabrice Potillion,Creating,WebService,True,05/03/2025 15:52:46,CHR_13H
REC_AEY4111,AEY4111,B2C,Jeanne Bourgeois,Creating,WebService,True,05/03/2025 15:49:02,99OZZEFQ6KE5G
REC_AEY4110,AEY4110,B2C,Chloé Muller,Creating,WebService,True,05/03/2025 15:48:56,539275-18-18000470011
IZI_V102866,0001,PREPA IZIVIA,1 Rue André Citroën,Creating,WebService,True,05/03/2025 14:59:48,
TE_4511627,4511627,B2B PROBIP,sandra estienne,Creating,WebService,True,05/03/2025 14:45:08,2P_COLDOM
TE_4511626,4511626,B2B PROBIP,sandra estienne,Creating,WebService,True,05/03/2025 14:10:42,2P_COLDOM
TE_4511625,4511625,B2B PROBIP,sandra estienne,Creating,WebService,True,05/03/2025 13:41:10,2P_COLDOM
TE_4511624,4511624,B2B PROBIP,sandra estienne,Creating,WebService,True,05/03/2025 13:31:18,2P_COLDOM
TE_4511623,4511623,B2B PROBIP,sandra estienne,Creating,WebService,True,05/03/2025 13:28:34,2P_COLDOM
REC_AEY4108,AEY4108,B2C,Sacha Masson,Creating,WebService,True,05/03/2025 09:52:25,49416768
REC_AEY4105,AEY4105,B2C,Léo Mercier,Creating,WebService,True,05/03/2025 09:52:16,H3PDTBHA36XSG
REC_AEY4104,AEY4104,B2C,Lina Gaillard,Creating,WebService,True,05/03/2025 09:52:10,539271-18-18000470007
REC_AEY4103,AEY4103,B2C,Emilie Dubois,Creating,WebService,True,05/03/2025 09:52:01,539269-18-18000470005
REC_AEY4102,AEY4102,B2C,Justine Fournier,Creating,WebService,True,05/03/2025 09:51:54,539268-18-18000470004
REC_AEY4099,AEY4099,B2C,Maëlle Hubert,Creating,WebService,True,05/03/2025 09:51:44,01-12798-16743
REC_AEY4098,AEY4098,B2C,Léo Julien,Creating,WebService,True,05/03/2025 09:51:36,EM2ZI6MYE5UK2
REC_AEY4096,AEY4096,B2C,Justine Vidal,Creating,WebService,True,05/03/2025 09:51:32,171-7137767-7453945
REC_AEY4097,AEY4097,B2C,Romain Charles,Creating,WebService,True,05/03/2025 09:51:27,5398738-A
REC_AEY4090,AEY4090,B2C,Carla Giraud,Creating,WebService,True,05/03/2025 09:51:11,00718_84009858-A
REC_AEY4088,AEY4088,B2C,Lou Gauthier,Creating,WebService,True,05/03/2025 09:51:04,02116_252724523-A
REC_AEY4087,AEY4087,B2C,Lou Leroy,Creating,WebService,True,05/03/2025 09:50:59,12896843
REC_AEY4083,AEY4083,B2C,Maxime Petit,Creating,WebService,True,05/03/2025 09:50:12,539262-18-18000469998
REC_AEY4082,AEY4082,B2C,Antoine Poirier,Creating,WebService,True,05/03/2025 09:50:07,49414518
REC_AEY4081,AEY4081,B2C,Alice Picard,Creating,WebService,True,05/03/2025 09:50:01,00742_254126001-A
REC_AEY4080,AEY4080,B2C,Ines Menard,Creating,WebService,True,05/03/2025 09:49:51,882448668
REC_AEY4079,AEY4079,B2C,Clément Da silva,Creating,WebService,True,05/03/2025 09:49:46,49414700
REC_AEY4078,AEY4078,B2C,Valentin Roux,Creating,WebService,True,05/03/2025 09:49:40,49414572
REC_AEY4077,AEY4077,B2C,Louise Robert,Creating,WebService,True,05/03/2025 09:49:29,49414439
REC_AEY4073,AEY4073,B2C,Paul Dupuy,Creating,WebService,True,05/03/2025 09:49:16,1104424639-A
REC_AEY4070,AEY4070,B2C,Evan Roche,Creating,WebService,True,05/03/2025 09:49:03,12896511
REC_AEY4068,AEY4068,B2C,Pauline Renaud,Creating,WebService,True,05/03/2025 09:48:56,F905KB26674-A
REC_AEY4067,AEY4067,B2C,Mathis Poirier,Creating,WebService,True,05/03/2025 09:48:51,539257-18-18000469993
REC_AEY4066,AEY4066,B2C,Quentin Schmitt,Creating,WebService,True,05/03/2025 09:48:45,4004-2-2000025170
REC_AEY4064,AEY4064,B2C,Julien Baron,Creating,WebService,True,05/03/2025 09:48:38,49413156
REC_AEY4061,AEY4061,B2C,Jeanne Gerard,Creating,WebService,True,05/03/2025 09:48:28,49413645
REC_AEY4060,AEY4060,B2C,Mattéo Guillaume,Creating,WebService,True,05/03/2025 09:48:23,49413179
REC_AEY4059,AEY4059,B2C,Sacha Richard,Creating,WebService,True,05/03/2025 09:48:06,403-1648932-3866757
REC_AEY4057,AEY4057,B2C,Arthur Barbier,Creating,WebService,True,05/03/2025 09:47:58,64111949-A
REC_AEY4055,AEY4055,B2C,Louise Duval,Creating,WebService,True,05/03/2025 09:47:49,405-6147840-7477936
REC_AEY3119,AEY3119,B2C,Maëlys Marie,Creating,WebService,True,04/03/2025 15:04:16,305-0888322-9592365
REC_AEY3118,AEY3118,B2C,Louis Dumont,Creating,WebService,True,04/03/2025 15:04:10,403-4116008-1381128
REC_AEY3117,AEY3117,B2C,Chloé Laine,Creating,WebService,True,04/03/2025 15:04:06,407-3635491-4566763
REC_AEY3115,AEY3115,B2C,Victor Barre,Creating,WebService,True,04/03/2025 15:03:55,306-5889775-9272355
REC_AEY3112,AEY3112,B2C,Elisa Menard,Creating,WebService,True,04/03/2025 15:03:46,12885704
REC_AEY3107,AEY3107,B2C,Louise Martinez,Creating,WebService,True,04/03/2025 15:03:29,49380393
REC_AEY3105,AEY3105,B2C,Benjamin Caron,Creating,WebService,True,04/03/2025 09:06:13,49380713
REC_AEY3104,AEY3104,B2C,Mélissa Morel,Creating,WebService,True,04/03/2025 09:06:07,49380100
REC_AEY3103,AEY3103,B2C,Lilou Huet,Creating,WebService,True,04/03/2025 09:06:01,01119_254050882-A
REC_AEY3102,AEY3102,B2C,Zoe Olivier,Creating,WebService,True,04/03/2025 09:05:56,49380497
REC_AEY3101,AEY3101,B2C,Adam Schmitt,Creating,WebService,True,04/03/2025 09:05:51,26-12763-60156
REC_AEY3100,AEY3100,B2C,Louna Lemaire,Creating,WebService,True,04/03/2025 09:05:43,12885514
REC_AEY3099,AEY3099,B2C,Marie Colin,Creating,WebService,True,04/03/2025 09:05:38,64105138-A
REC_AEY3094,AEY3094,B2C,Justine Perez,Creating,WebService,True,04/03/2025 09:05:21,402-4270372-3705158
REC_AEY3093,AEY3093,B2C,Rayan Dupont,Creating,WebService,True,04/03/2025 09:05:16,306-0791165-5490715
REC_AEY3092,AEY3092,B2C,Quentin Riviere,Creating,WebService,True,04/03/2025 09:05:11,25030322508UOAF
REC_AEY3090,AEY3090,B2C,Mathilde Fabre,Creating,WebService,True,04/03/2025 09:05:01,24-12780-62003
REC_AEY3089,AEY3089,B2C,Thomas Vincent,Creating,WebService,True,04/03/2025 09:04:56,A-3076827-1-A
REC_AEY3088,AEY3088,B2C,Maëlys Renaud,Creating,WebService,True,04/03/2025 09:04:51,A-3076884-1-A
REC_AEY3086,AEY3086,B2C,Lou Marchand,Creating,WebService,True,04/03/2025 09:04:44,1104421071-A
REC_AEY3084,AEY3084,B2C,Théo Roy,Creating,WebService,True,04/03/2025 09:04:35,49379716
REC_AEY3083,AEY3083,B2C,Nathan Faure,Creating,WebService,True,04/03/2025 09:04:30,49379270
REC_AEY3081,AEY3081,B2C,Léa Meyer,Creating,WebService,True,04/03/2025 09:04:23,49379462
REC_AEY3079,AEY3079,B2C,Clément Breton,Creating,WebService,True,04/03/2025 09:04:08,12885206
REC_AEY3077,AEY3077,B2C,Ines Paris,Creating,WebService,True,04/03/2025 09:04:01,49378968
REC_AEY3075,AEY3075,B2C,Mattéo Guillaume,Creating,WebService,True,04/03/2025 09:03:51,01119_254043116-A
REC_AEY3074,AEY3074,B2C,Louise Picard,Creating,WebService,True,04/03/2025 09:03:47,12885218
REC_AEY3071,AEY3071,B2C,Enzo Louis,Creating,WebService,True,04/03/2025 09:03:36,49378133
REC_AEY3068,AEY3068,B2C,Gabriel Laine,Creating,WebService,True,04/03/2025 09:03:25,49378682
REC_AEY3067,AEY3067,B2C,Pierre Olivier,Creating,WebService,True,04/03/2025 09:03:20,G7UKO5ALN6RSG
REC_AEY3066,AEY3066,B2C,Antoine Leroy,Creating,WebService,True,04/03/2025 09:03:15,95KUOIJJINDVK
REC_AEY3064,AEY3064,B2C,Mohamed Roux,Creating,WebService,True,04/03/2025 09:03:08,539067-18-18000469875
REC_AEY3062,AEY3062,B2C,Noah Schneider,Creating,WebService,True,04/03/2025 09:03:00,25030321268UENJ
REC_AEY3060,AEY3060,B2C,Mohamed Denis,Creating,WebService,True,04/03/2025 09:02:53,407-0093918-1618721
REC_AEY3057,AEY3057,B2C,Lucas David,Creating,WebService,True,04/03/2025 09:02:41,49377267
REC_AEY3056,AEY3056,B2C,Léa Baron,Creating,WebService,True,04/03/2025 09:02:36,49377789
REC_AEY3055,AEY3055,B2C,Adrien Colin,Creating,WebService,True,04/03/2025 09:02:31,49377172
SPK_SPKSO_PREPROD_2510911,501187583,B2C SPK,DUPONT FREDERIQUE,Creating,WebService,True,04/03/2025 08:29:06,CHR_13H
REC_AEY1959,AEY1959,B2C,Evan Le roux,Creating,WebService,True,03/03/2025 15:35:22,49344143
REC_AEY1957,AEY1957,B2C,Victor Roussel,Creating,WebService,True,03/03/2025 15:35:16,49343984
REC_AEY1956,AEY1956,B2C,Yanis Dubois,Creating,WebService,True,03/03/2025 15:35:14,49343944
REC_AEY1954,AEY1954,B2C,Célia Roger,Creating,WebService,True,03/03/2025 15:35:12,A-3074281-1-A
REC_AEY1953,AEY1953,B2C,Mael Olivier,Creating,WebService,True,03/03/2025 15:35:09,00718_83997391-A
HIH_4670,4670,ENVOI B2B,BARBARA BOBEN,Creating,WebService,True,03/03/2025 14:18:31,
REC_AEX6640,AEX6640,B2B,Maxime Rolland,AwaitValidation,WebService,True,03/03/2025 09:36:44,IOR25-01193
REC_AEX6639,AEX6639,B2B,Ambre Lucas,AwaitValidation,WebService,True,03/03/2025 09:36:38,IOR25-01188
REC_AEY1952,AEY1952,B2C,Baptiste Fernandez,Creating,WebService,True,03/03/2025 09:36:21,5395439-A
REC_AEY1949,AEY1949,B2C,Charlotte Paris,Creating,WebService,True,03/03/2025 09:36:19,302-2080499-9122716
REC_AEY1946,AEY1946,B2C,Louis Rey,Creating,WebService,True,03/03/2025 09:36:17,538892-18-18000469775
REC_AEY1942,AEY1942,B2C,Axel Schmitt,Creating,WebService,True,03/03/2025 09:36:12,12873852
REC_AEY1941,AEY1941,B2C,Maxence Robert,Creating,WebService,True,03/03/2025 09:36:09,12873788
REC_AEY1940,AEY1940,B2C,Rayan Lemaire,Creating,WebService,True,03/03/2025 09:36:04,01125_253954997-A
REC_AEY1938,AEY1938,B2C,Victor Schmitt,Creating,WebService,True,03/03/2025 09:36:02,122106284_81676-A
REC_AEY1937,AEY1937,B2C,Alice Duval,Creating,WebService,True,03/03/2025 09:36:00,3958-3-3000001821
REC_AEY1934,AEY1934,B2C,Anaïs Benoit,Creating,WebService,True,03/03/2025 09:35:55,12873614
REC_AEY1931,AEY1931,B2C,Lucie Morin,Creating,WebService,True,03/03/2025 09:35:52,49342873
REC_AEY1930,AEY1930,B2C,Maëlle Renault,Creating,WebService,True,03/03/2025 09:35:47,49343085
REC_AEY1929,AEY1929,B2C,Arthur Gauthier,Creating,WebService,True,03/03/2025 09:35:45,49342862
REC_AEY1926,AEY1926,B2C,Camille Picard,Creating,WebService,True,03/03/2025 09:35:43,49342469
REC_AEY1924,AEY1924,B2C,Paul Lefebvre,Creating,WebService,True,03/03/2025 09:35:38,49342446
REC_AEY1923,AEY1923,B2C,Romain Leroy,Creating,WebService,True,03/03/2025 09:35:36,00742_253937760-A
REC_AEY1922,AEY1922,B2C,Anaïs Dupont,Creating,WebService,True,03/03/2025 09:35:34,01125_253954496-A
REC_AEY1921,AEY1921,B2C,Yanis Duval,Creating,WebService,True,03/03/2025 09:35:32,64096086-A
REC_AEY1920,AEY1920,B2C,Noah Aubert,Creating,WebService,True,03/03/2025 09:35:27,64095981-A
REC_AEY1918,AEY1918,B2C,Alice Nguyen,Creating,WebService,True,03/03/2025 09:35:25,538882-18-18000469768
REC_AEY1917,AEY1917,B2C,Alexis Laurent,Creating,WebService,True,03/03/2025 09:35:23,A-3074130-1-A
REC_AEY1916,AEY1916,B2C,Louis Lemoine,Creating,WebService,True,03/03/2025 09:35:21,49341958
REC_AEY1914,AEY1914,B2C,Romain Sanchez,Creating,WebService,True,03/03/2025 09:35:16,49342262
REC_AEY1911,AEY1911,B2C,Clémence Legrand,Creating,WebService,True,03/03/2025 09:35:14,49341840
REC_AEY1909,AEY1909,B2C,Lina Charpentier,Creating,WebService,True,03/03/2025 09:35:09,12873521
REC_AEY1908,AEY1908,B2C,Quentin Leroy,Creating,WebService,True,03/03/2025 09:35:07,12873445
REC_AEY1907,AEY1907,B2C,Clémence Remy,Creating,WebService,True,03/03/2025 09:35:04,49341979
REC_AEY1906,AEY1906,B2C,Enzo Simon,Creating,WebService,True,03/03/2025 09:35:02,12873393
REC_AEY1905,AEY1905,B2C,Romain Dubois,Creating,WebService,True,03/03/2025 09:35:00,12873339
REC_AEY1903,AEY1903,B2C,Marie Fournier,Creating,WebService,True,03/03/2025 09:34:55,49342191
REC_AEY1902,AEY1902,B2C,Alicia Nguyen,Creating,WebService,True,03/03/2025 09:34:52,49342272
REC_AEX9264,AEX9264,B2C,Antoine Beral,Deliver,WebService,True,28/02/2025 16:25:46,test1so1111m
IZI_V103129,0001,PREPA IZIVIA,DENOMINATION SOCIAL,Creating,WebService,True,28/02/2025 11:55:29,
REC_AEX9244,AEX9244,B2C,Alexandre Lemaire,Creating,WebService,True,28/02/2025 09:59:40,00718_83979719-A
REC_AEX9243,AEX9243,B2C,Alexis Meyer,Creating,WebService,True,28/02/2025 09:59:36,01119_253677031-A
REC_AEX9242,AEX9242,B2C,Chloé Robin,Creating,WebService,True,28/02/2025 09:59:23,12843288
REC_AEX9241,AEX9241,B2C,Romane Charles,Creating,WebService,True,28/02/2025 09:59:18,64072701-A
REC_AEX9240,AEX9240,B2C,Noah Sanchez,Creating,WebService,True,28/02/2025 09:59:13,64072896-A
REC_AEX9238,AEX9238,B2C,Julien Gonzalez,Creating,WebService,True,28/02/2025 09:59:06,5391854-A
REC_AEX9236,AEX9236,B2C,Kylian Schmitt,Creating,WebService,True,28/02/2025 09:58:48,64072558-A
REC_AEX9234,AEX9234,B2C,Lisa Le gall,Creating,WebService,True,28/02/2025 09:58:41,403-6827204-3162735
REC_AEX9233,AEX9233,B2C,Mattéo Andre,Creating,WebService,True,28/02/2025 09:58:37,302-5467184-3798719
REC_AEX9230,AEX9230,B2C,Alexis Fabre,Creating,WebService,True,28/02/2025 09:58:26,12842924
REC_AEX9229,AEX9229,B2C,Adam Gauthier,Creating,WebService,True,28/02/2025 09:58:21,01125_253680810-A
REC_AEX9228,AEX9228,B2C,Lena Marchand,Creating,WebService,True,28/02/2025 09:58:16,G66XAJNSULOTG
REC_AEX9227,AEX9227,B2C,Axel Lefevre,Creating,WebService,True,28/02/2025 09:58:09,12843002
REC_AEX9223,AEX9223,B2C,Clément Le gall,Creating,WebService,True,28/02/2025 09:57:57,49249251
REC_AEX9219,AEX9219,B2C,Raphaël Philippe,Creating,WebService,True,28/02/2025 09:57:37,00718_83979553-A
REC_AEX9217,AEX9217,B2C,Léo Maillard,Creating,WebService,True,28/02/2025 09:57:05,12842655
REC_AEX9216,AEX9216,B2C,Adam Joly,Creating,WebService,True,28/02/2025 09:57:00,12842761
REC_AEX9215,AEX9215,B2C,Ambre Laine,Creating,WebService,True,28/02/2025 09:56:51,12842755
REC_AEX9214,AEX9214,B2C,Lou Guerin,Creating,WebService,True,28/02/2025 09:56:46,122080963_49876-A
REC_AEX9213,AEX9213,B2C,Lou Baron,Creating,WebService,True,28/02/2025 09:56:41,538402-18-18000469458
REC_AEX9212,AEX9212,B2C,Jules Lemoine,Creating,WebService,True,28/02/2025 09:56:12,49248239
REC_AEX9211,AEX9211,B2C,Léa Aubert,Creating,WebService,True,28/02/2025 09:56:06,49248801
REC_AEX9210,AEX9210,B2C,Baptiste Sanchez,Creating,WebService,True,28/02/2025 09:56:01,01119_253667046-A
REC_AEX9207,AEX9207,B2C,Sacha Robert,Creating,WebService,True,28/02/2025 09:55:28,49248625
REC_AEX9205,AEX9205,B2C,Alice Guerin,Creating,WebService,True,28/02/2025 09:55:21,49248126
REC_AEX9204,AEX9204,B2C,Thomas Deschamps,Creating,WebService,True,28/02/2025 09:55:16,A-3066303-1-A
REC_AEX9201,AEX9201,B2C,Yanis Deschamps,Creating,WebService,True,28/02/2025 09:54:38,49248124
REC_AEX9200,AEX9200,B2C,Pauline Roy,Creating,WebService,True,28/02/2025 09:54:33,64071861-A
REC_AEX9199,AEX9199,B2C,Evan Le gall,Creating,WebService,True,28/02/2025 09:54:25,12842556
IZI_V103470,0001,PICKING IZIVIA,425 rue Henri Barbusse,,WebService,True,27/02/2025 18:14:37,
REC_AEX8286,AEX8286,B2C,Adrien Gautier,Creating,WebService,True,27/02/2025 09:51:54,A-3064083-1-A
REC_AEX8285,AEX8285,B2C,Eva Masson,Creating,WebService,True,27/02/2025 09:51:49,A-3064059-1-A
REC_AEX8283,AEX8283,B2C,Sarah Bertrand,Creating,WebService,True,27/02/2025 09:51:42,404-1114765-8381911
REC_AEX8282,AEX8282,B2C,Valentin Fernandez,Creating,WebService,True,27/02/2025 09:51:37,12831500
REC_AEX8281,AEX8281,B2C,Romain Marie,Creating,WebService,True,27/02/2025 09:51:29,49220527
REC_AEX8277,AEX8277,B2C,Noémie Lecomte,Creating,WebService,True,27/02/2025 09:51:18,305-9210059-0182732
REC_AEX8276,AEX8276,B2C,Océane Petit,Creating,WebService,True,27/02/2025 09:51:10,028-1601237-6525965
REC_AEX8274,AEX8274,B2C,Ines Lefevre,Creating,WebService,True,27/02/2025 09:51:03,49220760
REC_AEX8272,AEX8272,B2C,Kylian Laurent,Creating,WebService,True,27/02/2025 09:50:55,49220786
REC_AEX8269,AEX8269,B2C,Alexandre Fournier,Creating,WebService,True,27/02/2025 09:50:40,12831293
REC_AEX8265,AEX8265,B2C,Laura Deschamps,Creating,WebService,True,27/02/2025 09:50:22,49219749
REC_AEX8264,AEX8264,B2C,Maëlys Carre,Creating,WebService,True,27/02/2025 09:50:17,49218971
REC_AEX8263,AEX8263,B2C,Paul Dumont,Creating,WebService,True,27/02/2025 09:50:12,12831025
REC_AEX8262,AEX8262,B2C,Maxence Martinez,Creating,WebService,True,27/02/2025 09:50:08,6227985-A
REC_AEX8261,AEX8261,B2C,Célia Gerard,Creating,WebService,True,27/02/2025 09:49:56,49220159
REC_AEX8260,AEX8260,B2C,Chloé Lefebvre,Creating,WebService,True,27/02/2025 09:49:51,49219690
REC_AEX8259,AEX8259,B2C,Marie Barre,Creating,WebService,True,27/02/2025 09:49:46,12831016
REC_AEX8255,AEX8255,B2C,Maëlys Aubert,Creating,WebService,True,27/02/2025 09:49:17,306-1825021-5195538
REC_AEX8254,AEX8254,B2C,Lisa Carpentier,Creating,WebService,True,27/02/2025 09:49:11,12831135
REC_AEX8249,AEX8249,B2C,Nicolas Robin,Creating,WebService,True,27/02/2025 09:49:04,538087-18-18000469198
REC_AEX8248,AEX8248,B2C,Mathis Vasseur,Creating,WebService,True,27/02/2025 09:48:33,171-9173326-8332362
REC_AEX8247,AEX8247,B2C,Lucie Baron,Creating,WebService,True,27/02/2025 09:48:28,00718_83973442-A
REC_AEX8244,AEX8244,B2C,Ines Brun,Creating,WebService,True,27/02/2025 09:48:18,49218989
REC_AEX8243,AEX8243,B2C,Louis Lefebvre,Creating,WebService,True,27/02/2025 09:47:49,49218849
REC_AEX8240,AEX8240,B2C,Julien Pons,Creating,WebService,True,27/02/2025 09:47:39,12830998
REC_AEX8239,AEX8239,B2C,Noa Dupont,Creating,WebService,True,27/02/2025 09:47:34,02116_252165106-A
REC_AEX8237,AEX8237,B2C,Lilou Petit,Creating,WebService,True,27/02/2025 09:46:57,12830999
REC_AEX8236,AEX8236,B2C,Ambre Girard,Creating,WebService,True,27/02/2025 09:46:52,12830931
TE_Ramas_joff09,Ramas_joff09,B2C TE,sandra estienne,Deliver,WebService,True,26/02/2025 15:06:51,2P_COLDOM
TE_Ramas_joff08,Ramas_joff08,B2C TE,sandra estienne,Deliver,WebService,True,26/02/2025 15:06:43,2P_COLDOM
TE_Ramas_joff07,Ramas_joff07,B2C TE,sandra estienne,Deliver,WebService,True,26/02/2025 15:06:36,2P_COLDOM
TE_Ramas_joff06,Ramas_joff06,B2C TE,sandra estienne,Deliver,WebService,True,26/02/2025 14:56:53,2P_COLDOM
TE_Ramas_joff05,Ramas_joff05,B2C TE,sandra estienne,Deliver,WebService,True,26/02/2025 14:45:59,2P_COLDOM
SPK_SPKSO_PREPROD_2510909,501187581,B2C SPK,spareka test,Creating,WebService,True,26/02/2025 12:14:04,CHR_13H
SPK_SPKSO_PREPROD_2510908,501187580,B2C SPK,spareka test,Creating,WebService,True,26/02/2025 11:59:04,2P_COLDOM
SPK_SPKSO_PREPROD_2510907,501187579,B2C SPK,spareka test,Creating,WebService,True,26/02/2025 11:44:04,CHR_13H
SPK_SPKSO_PREPROD_2510906,501187578,B2C SPK,spareka test,Creating,WebService,True,26/02/2025 11:29:09,2P_COLDOM
REC_AEX7373,AEX7373,B2C,Mattéo Francois,Creating,WebService,True,26/02/2025 08:57:35,407-4274914-9401923
REC_AEX7371,AEX7371,B2C,Julie Benoit,Creating,WebService,True,26/02/2025 08:57:28,304-9059256-3677934
REC_AEX7369,AEX7369,B2C,Clémence Garnier,Creating,WebService,True,26/02/2025 08:57:21,404-0338224-7271539
REC_AEX7367,AEX7367,B2C,Adrien Moreau,Creating,WebService,True,26/02/2025 08:57:06,49190722
REC_AEX7366,AEX7366,B2C,Nathan Guillot,Creating,WebService,True,26/02/2025 08:57:01,H2RYTCXLUQ4F6
REC_AEX7365,AEX7365,B2C,Mathilde Moreau,Creating,WebService,True,26/02/2025 08:56:57,49190113
REC_AEX7359,AEX7359,B2C,Mathilde Schmitt,Creating,WebService,True,26/02/2025 08:56:37,402-8889558-2165159
REC_AEX7358,AEX7358,B2C,Ines Thomas,Creating,WebService,True,26/02/2025 08:56:32,01119_253484097-A
REC_AEX7357,AEX7357,B2C,Ines Barbier,Creating,WebService,True,26/02/2025 08:56:24,49190093
REC_AEX7356,AEX7356,B2C,Valentin Giraud,Creating,WebService,True,26/02/2025 08:56:19,00742_253472128-A
REC_AEX7355,AEX7355,B2C,Julie Roy,Creating,WebService,True,26/02/2025 08:56:14,A-3061108-1-A
REC_AEX7350,AEX7350,B2C,Lilou Dumas,Creating,WebService,True,26/02/2025 08:56:03,64057245-A
REC_AEX7348,AEX7348,B2C,Mélissa Petit,Creating,WebService,True,26/02/2025 08:55:56,12819439
REC_AEX7347,AEX7347,B2C,Valentin Guerin,Creating,WebService,True,26/02/2025 08:55:51,49190000
REC_AEX7345,AEX7345,B2C,Maxime Perez,Creating,WebService,True,26/02/2025 08:55:43,122064140_28768-A
REC_AEX7342,AEX7342,B2C,Ethan Rousseau,Creating,WebService,True,26/02/2025 08:55:38,537759-18-18000468942
REC_AEX7339,AEX7339,B2C,Tom Roche,Creating,WebService,True,26/02/2025 08:55:29,49188887
REC_AEX7337,AEX7337,B2C,Lena Bertrand,Creating,WebService,True,26/02/2025 08:55:04,49189313
REC_AEX7336,AEX7336,B2C,Théo Aubert,Creating,WebService,True,26/02/2025 08:55:00,49188940
REC_AEX7335,AEX7335,B2C,Kylian Gerard,Creating,WebService,True,26/02/2025 08:54:55,01119_253478202-A
REC_AEX7334,AEX7334,B2C,Jade Olivier,Creating,WebService,True,26/02/2025 08:54:50,A-3061024-1-A
REC_AEX7333,AEX7333,B2C,Eva Bertrand,Creating,WebService,True,26/02/2025 08:54:21,A-3061015-1-A
REC_AEX7332,AEX7332,B2C,Juliette Roux,Creating,WebService,True,26/02/2025 08:54:16,3872-3-3000001773
REC_AEX7326,AEX7326,B2C,Elisa Moreau,Creating,WebService,True,26/02/2025 08:54:12,49188679
REC_AEX7325,AEX7325,B2C,Juliette Blanc,Creating,WebService,True,26/02/2025 08:54:07,49188079
REC_AEX7324,AEX7324,B2C,Hugo Dupuis,Creating,WebService,True,26/02/2025 08:54:02,49188021
REC_AEX7320,AEX7320,B2C,Clément Brunet,Creating,WebService,True,26/02/2025 08:53:25,405-9340316-9655565
REC_AEX7318,AEX7318,B2C,Raphaël Simon,Creating,WebService,True,26/02/2025 08:52:50,879842006
REC_AEX7315,AEX7315,B2C,Rayan Adam,Creating,WebService,True,26/02/2025 08:52:41,LRFR20250563235870-A
REC_AEX6700,AEX6700,B2C,Benjamin Lacroix,Creating,WebService,True,26/02/2025 08:52:35,23-12738-92384
TE_MOD011_SFER01,MOD011_SFER01,B2C TE,sandra estienne,Deliver,WebService,True,25/02/2025 17:49:04,2P_COLDOM
SPK_SPKSO_PREPROD_2510903,1400032021,B2C SPK,Vinciunaite Julija,Creating,WebService,True,25/02/2025 17:14:05,CHR_B2B_CI
TE_Ramas_joff04,Ramas_joff04,B2C TE,sandra estienne,Deliver,WebService,True,25/02/2025 16:59:12,2P_COLDOM
TE_Ramas_joff03,Ramas_joff03,B2C TE,sandra estienne,Deliver,WebService,True,25/02/2025 16:59:04,2P_COLDOM
TE_Ramas_joff02,Ramas_joff02,B2C TE,sandra estienne,Deliver,WebService,True,25/02/2025 16:58:55,2P_COLDOM
TE_Ramas_joff01,Ramas_joff01,B2C TE,sandra estienne,Deliver,WebService,True,25/02/2025 16:01:02,2P_COLDOM
TE_4511620,4511620,B2C AMAZON,Stéphane PIERRE,Creating,WebService,True,25/02/2025 13:34:00,2P_COLDOM
TE_4511619,4511619,B2C AMAZON,Laurent Robert,Creating,WebService,True,25/02/2025 13:33:56,
TE_4511618,4511618,B2C AMAZON,fatma mansouri,Creating,WebService,True,25/02/2025 13:33:52,
TE_4511617,4511617,B2C AMAZON,Jean Duelz,Creating,WebService,True,25/02/2025 13:33:49,2P_COLDOM
TE_4511616,4511616,B2C AMAZON,Nicolas SALS,Creating,WebService,True,25/02/2025 13:33:45,2P_COLDOM
TE_4511615,4511615,B2C AMAZON,sebastien arnaud,Creating,WebService,True,25/02/2025 13:33:42,
TE_4511614,4511614,B2C AMAZON,Gerald Kallas,Creating,WebService,True,25/02/2025 13:33:39,2P_COLDOM
TE_4511613,4511613,B2C AMAZON,Matthieu MOUËSAN,Creating,WebService,True,25/02/2025 13:33:36,2P_COLDOM
TE_4511612,4511612,B2C AMAZON,daniel malidan,Creating,WebService,True,25/02/2025 13:33:32,2P_COLDOM
TE_4511611,4511611,B2C AMAZON,STEPHANE WEISS,Deliver,WebService,True,25/02/2025 13:33:29,2P_COLDOM
TE_4511610,4511610,B2C AMAZON,miguel MARTINS EURL L ATELIER RMP,Creating,WebService,True,25/02/2025 13:33:26,2P_COLDOM
TE_4511609,4511609,B2C AMAZON,Fatiha Elbayly,Creating,WebService,True,25/02/2025 13:33:22,2P_COLDOM
TE_4511608,4511608,B2C AMAZON,CHUPIN LOUIS,Creating,WebService,True,25/02/2025 13:33:18,2P_COLDOM
TE_4511607,4511607,B2C AMAZON,guy garrec,Creating,WebService,True,25/02/2025 13:33:14,2P_COLDOM
REC_AEX6501,AEX6501,B2C,Mathilde Lemaire,Creating,WebService,True,25/02/2025 08:56:28,49160013
REC_AEX6500,AEX6500,B2C,Alicia Laine,Creating,WebService,True,25/02/2025 08:56:23,A-3058773-1-A
REC_AEX6499,AEX6499,B2C,Louis Rousseau,Creating,WebService,True,25/02/2025 08:56:17,A-3058771-1-A
REC_AEX6496,AEX6496,B2C,Maeva Durand,Creating,WebService,True,25/02/2025 08:56:07,12808443
REC_AEX6494,AEX6494,B2C,Lisa Moulin,Creating,WebService,True,25/02/2025 08:55:53,122056290_18692-A
REC_AEX6493,AEX6493,B2C,Arthur Chevalier,Creating,WebService,True,25/02/2025 08:55:48,122056679_19175-A
REC_AEX6490,AEX6490,B2C,Laura Durand,Creating,WebService,True,25/02/2025 08:55:43,12808289
REC_AEX6487,AEX6487,B2C,Sarah Le roux,Creating,WebService,True,25/02/2025 08:55:30,122056133_18490-A
REC_AEX6484,AEX6484,B2C,Louis Gauthier,Creating,WebService,True,25/02/2025 08:55:24,00742_253341385-A
REC_AEX6483,AEX6483,B2C,Anaïs Schneider,Creating,WebService,True,25/02/2025 08:55:19,01015_253334955-A
REC_AEX6482,AEX6482,B2C,Adrien Denis,Creating,WebService,True,25/02/2025 08:55:14,12808163
REC_AEX6481,AEX6481,B2C,Noa Dupont,Creating,WebService,True,25/02/2025 08:54:45,00718_83960633-A
REC_AEX6477,AEX6477,B2C,Raphaël Meunier,Creating,WebService,True,25/02/2025 08:54:37,12807930
REC_AEX6476,AEX6476,B2C,Maëlys Meunier,Creating,WebService,True,25/02/2025 08:54:32,12807929
REC_AEX6510,AEX6510,B2C,Sacha Dumont,Creating,WebService,True,25/02/2025 08:54:00,12807546
REC_AEX6509,AEX6509,B2C,Mathilde Simon,Creating,WebService,True,25/02/2025 08:53:55,FHGV36TEKZK6M
REC_AEX6507,AEX6507,B2C,Arthur Garnier,Creating,WebService,True,25/02/2025 08:53:51,12808588
REC_AEX6506,AEX6506,B2C,Camille Charles,Creating,WebService,True,25/02/2025 08:53:46,49160783
REC_AEX6514,AEX6514,B2C,Léa Aubry,Creating,WebService,True,25/02/2025 08:53:12,49161252
REC_AEX6513,AEX6513,B2C,Louna Olivier,Creating,WebService,True,25/02/2025 08:53:07,49161095
SPK_SPKSO_PREPROD_2510898,501187572,B2C SPK,spareka test,Creating,WebService,True,24/02/2025 16:44:05,CHR_13H
SPK_SPKSO_PREPROD_2510897,501187571,B2C SPK,Dubot Salomé,Creating,WebService,True,24/02/2025 16:29:13,CHR_13H
SPK_SPKSO_PREPROD_2510896,501187570,B2C SPK,spareka test,Creating,WebService,True,24/02/2025 16:29:05,CHR_13H
SPK_SPKSO_PREPROD_2510893,501187567,B2C SPK,spareka test,Creating,WebService,True,24/02/2025 16:14:07,CHR_13H
SPK_SPKSO_PREPROD_2510891,501187565,B2C SPK,spareka test,Creating,WebService,True,24/02/2025 15:59:05,2P_COLDOM
REC_AEX3222,AEX3222,B2B,Nicolas Blanchard,AwaitValidation,WebService,True,24/02/2025 08:57:34,RETAAV6461-1
REC_AEX5499,AEX5499,B2C,Louise Rousseau,Creating,WebService,True,24/02/2025 08:57:13,49132430
REC_AEX5497,AEX5497,B2C,Sacha Leclerc,Creating,WebService,True,24/02/2025 08:56:51,5022401230460MA-A
REC_AEX5495,AEX5495,B2C,Evan Adam,Creating,WebService,True,24/02/2025 08:56:44,49132323
REC_AEX5494,AEX5494,B2C,Thomas Collet,Creating,WebService,True,24/02/2025 08:56:39,02116_250597013-A
REC_AEX5493,AEX5493,B2C,Antoine Perrin,Creating,WebService,True,24/02/2025 08:56:34,122048403_8617-A
REC_AEX5492,AEX5492,B2C,Lucie Meunier,Creating,WebService,True,24/02/2025 08:56:22,49132032
REC_AEX5491,AEX5491,B2C,Noémie Martin,Creating,WebService,True,24/02/2025 08:56:17,305-6303845-0253922
REC_AEX5490,AEX5490,B2C,Louise Leroux,Creating,WebService,True,24/02/2025 08:56:12,303-0948580-3075568
REC_AEX5489,AEX5489,B2C,Lucas Gautier,Creating,WebService,True,24/02/2025 08:56:07,028-2323907-5497168
REC_AEX5488,AEX5488,B2C,Mathilde Remy,Creating,WebService,True,24/02/2025 08:56:02,9BTFK5Z6Y265E
REC_AEX5480,AEX5480,B2C,Lisa Joly,Creating,WebService,True,24/02/2025 08:55:37,49131742
REC_AEX5478,AEX5478,B2C,Antoine Lefevre,Creating,WebService,True,24/02/2025 08:55:30,64043300-A
REC_AEX5477,AEX5477,B2C,Zoe Marchand,Creating,WebService,True,24/02/2025 08:55:20,00718_83954324-A
REC_AEX5473,AEX5473,B2C,Juliette Aubry,Creating,WebService,True,24/02/2025 08:55:08,01125_253232281-A
REC_AEX5472,AEX5472,B2C,Alexandre Le roux,Creating,WebService,True,24/02/2025 08:54:47,403-2156215-4117101
REC_AEX5470,AEX5470,B2C,Anaïs Dufour,Creating,WebService,True,24/02/2025 08:54:40,64043100-A
REC_AEX5469,AEX5469,B2C,Océane Roche,Creating,WebService,True,24/02/2025 08:54:35,64043050-A
REC_AEX5468,AEX5468,B2C,Jeanne Hubert,Creating,WebService,True,24/02/2025 08:54:31,49130758
REC_AEX5466,AEX5466,B2C,Arthur Joly,Creating,WebService,True,24/02/2025 08:53:57,A-3056418-1-A
REC_AEX5465,AEX5465,B2C,Charlotte Moreau,Creating,WebService,True,24/02/2025 08:53:53,01125_253231864-A
REC_AEX5462,AEX5462,B2C,Nicolas Schneider,Creating,WebService,True,24/02/2025 08:53:13,122047631_7641-A
REC_AEX5460,AEX5460,B2C,Maxence Lefebvre,Creating,WebService,True,24/02/2025 08:53:08,12797449
REC_AEX5459,AEX5459,B2C,Lucas Leroy,Creating,WebService,True,24/02/2025 08:53:03,12797415
REC_AEX5458,AEX5458,B2C,Thomas Gerard,Creating,WebService,True,24/02/2025 08:52:58,26-12728-62736
REC_AEX5456,AEX5456,B2C,Lou Marty,Creating,WebService,True,24/02/2025 08:52:20,537308-18-18000468646
REC_AEX5452,AEX5452,B2C,Baptiste Noel,Creating,WebService,True,24/02/2025 08:52:17,12797238
REC_AEX3564,AEX3564,B2C,Lisa Morel,Creating,WebService,True,21/02/2025 10:32:55,403-1104772-0813933
REC_AEX3563,AEX3563,B2C,Noémie Barbier,Creating,WebService,True,21/02/2025 10:32:50,405-9931182-0119502
REC_AEX3561,AEX3561,B2C,Antoine Vidal,Creating,WebService,True,21/02/2025 10:32:43,DP3RZQN4EAASY
REC_AEX3559,AEX3559,B2C,Célia Marchal,Creating,WebService,True,21/02/2025 10:32:28,12770370
REC_AEX3558,AEX3558,B2C,Hugo Roux,Creating,WebService,True,21/02/2025 10:32:23,5381970-A
REC_AEX3557,AEX3557,B2C,Maxime Paul,Creating,WebService,True,21/02/2025 10:32:19,536927-18-18000468430
REC_AEX3554,AEX3554,B2C,Julie Le roux,Creating,WebService,True,21/02/2025 10:32:05,49056180
REC_AEX3553,AEX3553,B2C,Axel Roy,Creating,WebService,True,21/02/2025 10:32:00,405-2902292-9136329
REC_AEX3550,AEX3550,B2C,Clara Gerard,Creating,WebService,True,21/02/2025 10:31:51,12770176
REC_AEX3549,AEX3549,B2C,Sarah Carre,Creating,WebService,True,21/02/2025 10:31:43,402-7547181-7516317
REC_AEX3548,AEX3548,B2C,Chloé Leclercq,Creating,WebService,True,21/02/2025 10:31:37,536926-18-18000468429
REC_AEX3547,AEX3547,B2C,Alexis Remy,Creating,WebService,True,21/02/2025 10:31:31,49056099
REC_AEX3546,AEX3546,B2C,Quentin Gaillard,Creating,WebService,True,21/02/2025 10:31:26,49056001
REC_AEX3542,AEX3542,B2C,Lou Lemaire,Creating,WebService,True,21/02/2025 10:31:09,12770168
REC_AEX3541,AEX3541,B2C,Célia Lacroix,Creating,WebService,True,21/02/2025 10:31:05,64026749-A
REC_AEX3538,AEX3538,B2C,Lou Boyer,Creating,WebService,True,21/02/2025 10:30:34,122026530_980767-A
REC_AEX3537,AEX3537,B2C,Chloé Vincent,Creating,WebService,True,21/02/2025 10:30:29,122026182_980340-A
REC_AEX3536,AEX3536,B2C,Clara Roche,Creating,WebService,True,21/02/2025 10:30:24,8512752301-A
REC_AEX3535,AEX3535,B2C,Justine Robert,Creating,WebService,True,21/02/2025 10:30:19,536925-18-18000468428
REC_AEX3534,AEX3534,B2C,Gabriel Schneider,Creating,WebService,True,21/02/2025 10:29:49,LRFR20250513190832-A
REC_AEX3532,AEX3532,B2C,Jules Cousin,Creating,WebService,True,21/02/2025 10:29:43,9B67S3NV45A4G
REC_AEX3531,AEX3531,B2C,Lucie Poirier,Creating,WebService,True,21/02/2025 10:29:38,49055505
REC_AEX3530,AEX3530,B2C,Gabriel Jacquet,Creating,WebService,True,21/02/2025 10:29:32,49055364
REC_AEX3529,AEX3529,B2C,Lou Guyot,Creating,WebService,True,21/02/2025 10:29:03,49055578
REC_AEX3528,AEX3528,B2C,Paul Pierre,Creating,WebService,True,21/02/2025 10:28:59,64026557-A
REC_AEX3527,AEX3527,B2C,Maxime Dupuy,Creating,WebService,True,21/02/2025 10:28:54,A-3050578-1-A
REC_AEX3526,AEX3526,B2C,Noa Berger,Creating,WebService,True,21/02/2025 10:28:49,A-3050514-1-A
REC_AEX3525,AEX3525,B2C,Océane Carre,Creating,WebService,True,21/02/2025 10:28:44,49055431
REC_AEX3523,AEX3523,B2C,Noa Riviere,Creating,WebService,True,21/02/2025 10:28:10,536924-18-18000468427
REC_AEX3519,AEX3519,B2C,Clément Remy,Creating,WebService,True,21/02/2025 10:27:33,00718_83937431-A
REC_AEX3518,AEX3518,B2C,Clara Brunet,Creating,WebService,True,21/02/2025 10:27:28,02116_250344053-A
REC_AEX3517,AEX3517,B2C,Maxence Schneider,Creating,WebService,True,21/02/2025 10:27:23,02116_250344128-A
REC_AEX3515,AEX3515,B2C,Kylian Denis,Creating,WebService,True,21/02/2025 10:27:16,01119_252952787-A
REC_AEX2720,AEX2720,B2C,Baptiste Joly,Creating,WebService,True,20/02/2025 10:29:09,406-9538317-9642727
REC_AEX2718,AEX2718,B2C,Sacha Adam,Creating,WebService,True,20/02/2025 10:29:02,64021497-A
REC_AEX2717,AEX2717,B2C,Clara Lecomte,Creating,WebService,True,20/02/2025 10:28:52,49030206
REC_AEX2716,AEX2716,B2C,Gabriel Moulin,Creating,WebService,True,20/02/2025 10:28:47,DQ4KGW3CO5MXI
REC_AEX2714,AEX2714,B2C,Adrien Lecomte,Creating,WebService,True,20/02/2025 10:28:40,FGTB5I7O7ZTQK
REC_AEX2713,AEX2713,B2C,Carla Mercier,Creating,WebService,True,20/02/2025 10:28:35,408-6239870-7337123
REC_AEX2709,AEX2709,B2C,Mattéo Rodriguez,Creating,WebService,True,20/02/2025 10:28:23,408-4374974-3164333
REC_AEX2708,AEX2708,B2C,Pauline Clement,Creating,WebService,True,20/02/2025 10:28:17,A-3048392-1-A
REC_AEX2703,AEX2703,B2C,Alexis Perez,Creating,WebService,True,20/02/2025 10:28:00,00742_252875717-A
REC_AEX2701,AEX2701,B2C,Justine Moreau,Creating,WebService,True,20/02/2025 10:27:47,407-1570855-7924334
REC_AEX2700,AEX2700,B2C,Chloé Charles,Creating,WebService,True,20/02/2025 10:27:40,404-0835370-8221943
REC_AEX2698,AEX2698,B2C,Enzo Bertrand,Creating,WebService,True,20/02/2025 10:27:32,DRWW3ZXNYOOL6
REC_AEX2696,AEX2696,B2C,Antoine Julien,Creating,WebService,True,20/02/2025 10:27:02,12759546
REC_AEX2695,AEX2695,B2C,Ethan Garcia,Creating,WebService,True,20/02/2025 10:26:57,21-12718-81440
REC_AEX2694,AEX2694,B2C,Sarah Moreau,Creating,WebService,True,20/02/2025 10:26:53,02116_250181103-A
REC_AEX2693,AEX2693,B2C,Gabriel Arnaud,Creating,WebService,True,20/02/2025 10:26:48,A-3048336-1-A
REC_AEX2692,AEX2692,B2C,Alice Marchal,Creating,WebService,True,20/02/2025 10:26:19,64020993-A
REC_AEX2688,AEX2688,B2C,Valentin Francois,Creating,WebService,True,20/02/2025 10:26:10,536791-21-21000311664
REC_AEX2685,AEX2685,B2C,Théo Gerard,Creating,WebService,True,20/02/2025 10:25:36,5021922341564M-A
REC_AEX2684,AEX2684,B2C,Enzo Dubois,Creating,WebService,True,20/02/2025 10:25:32,A-3048321-1-A
REC_AEX2683,AEX2683,B2C,Jules Leclerc,Creating,WebService,True,20/02/2025 10:25:26,A-3048319-1-A
REC_AEX2682,AEX2682,B2C,Paul Lefevre,Creating,WebService,True,20/02/2025 10:25:20,49028387
REC_AEX2681,AEX2681,B2C,Manon Vasseur,Creating,WebService,True,20/02/2025 10:24:51,F905JZ39690-A
REC_AEX2678,AEX2678,B2C,Rayan David,Creating,WebService,True,20/02/2025 10:24:46,403-6877520-4977960
REC_AEX2677,AEX2677,B2C,Manon Blanc,Creating,WebService,True,20/02/2025 10:24:41,9BVTGLJNO7OS6
REC_AEX2673,AEX2673,B2C,Mathilde Lemaire,Creating,WebService,True,20/02/2025 10:24:01,12759027
REC_AEX2671,AEX2671,B2C,Hugo Marty,Creating,WebService,True,20/02/2025 10:23:56,5380358-A
REC_AEX2012,AEX2012,B2C,Yanis Meyer,Creating,WebService,True,19/02/2025 10:28:01,406-2634384-2064342
REC_AEX2011,AEX2011,B2C,Lou David,Creating,WebService,True,19/02/2025 10:27:56,405-1272351-6139566
REC_AEX2005,AEX2005,B2C,Noémie Durand,Creating,WebService,True,19/02/2025 10:27:27,406-6364894-4525909
REC_AEX2003,AEX2003,B2C,Adam Gaillard,Creating,WebService,True,19/02/2025 10:27:16,405-3140481-0277913
REC_AEX2001,AEX2001,B2C,Zoe Cousin,Creating,WebService,True,19/02/2025 10:27:09,304-9365192-0556340
REC_AEX1999,AEX1999,B2C,Alexandre Perrot,Creating,WebService,True,19/02/2025 10:27:02,405-3868305-5820346
REC_AEX1998,AEX1998,B2C,Ines Fournier,Creating,WebService,True,19/02/2025 10:26:51,405-1308919-0528339
REC_AEX1997,AEX1997,B2C,Emilie Perrin,Creating,WebService,True,19/02/2025 10:26:47,303-6146607-2577934
REC_AEX1994,AEX1994,B2C,Noa Andre,Creating,WebService,True,19/02/2025 10:26:38,A-3046233-1-A
REC_AEX1988,AEX1988,B2C,Ambre Dubois,Creating,WebService,True,19/02/2025 10:26:14,302-0522101-9656365
REC_AEX1987,AEX1987,B2C,Carla Denis,Creating,WebService,True,19/02/2025 10:26:10,48999789
REC_AEX1986,AEX1986,B2C,Alice Lecomte,Creating,WebService,True,19/02/2025 10:26:04,GDM2BALUP4QQU
REC_AEX1984,AEX1984,B2C,Evan Blanc,Creating,WebService,True,19/02/2025 10:25:57,00742_252782252-A
REC_AEX1982,AEX1982,B2C,Maëlle Arnaud,Creating,WebService,True,19/02/2025 10:25:44,A-3046159-1-A
REC_AEX1980,AEX1980,B2C,Mathilde Denis,Creating,WebService,True,19/02/2025 10:25:36,536626-18-18000468242
REC_AEX1978,AEX1978,B2C,Evan Perez,Creating,WebService,True,19/02/2025 10:25:32,536623-18-18000468240
REC_AEX1976,AEX1976,B2C,Antoine Collet,Creating,WebService,True,19/02/2025 10:25:16,64014791-A
REC_AEX1975,AEX1975,B2C,Lou Pons,Creating,WebService,True,19/02/2025 10:25:12,64014707-A
REC_AEX1973,AEX1973,B2C,Lilou Carpentier,Creating,WebService,True,19/02/2025 10:25:04,12749277
REC_AEX1972,AEX1972,B2C,Mael Francois,Creating,WebService,True,19/02/2025 10:24:39,A-3046128-1-A
REC_AEX1971,AEX1971,B2C,Lilou Morel,Creating,WebService,True,19/02/2025 10:24:34,21-12714-66231
REC_AEX1968,AEX1968,B2C,Nathan Faure,Creating,WebService,True,19/02/2025 10:24:25,48998246
REC_AEX1967,AEX1967,B2C,Jeanne Lefebvre,Creating,WebService,True,19/02/2025 10:23:54,01125_252776768-A
REC_AEX1965,AEX1965,B2C,Pauline Roche,Creating,WebService,True,19/02/2025 10:23:47,BYZFVE7EQV6ME
SPK_SPKSO_PREPROD_2510888,501187562,B2C SPK,Dubot Salomé,Creating,WebService,True,18/02/2025 16:59:05,2P_COLDOM
SPK_SPKSO_PREPROD_2510877,800379493,B2C SPK,Dubot Salomé,Creating,WebService,True,18/02/2025 13:59:20,2P_COLDOM
SPK_SPKSO_PREPROD_2510876,501187551,B2C SPK,Dubot Salomé,Creating,WebService,True,18/02/2025 13:59:12,2P_COLDOM
SPK_SPKSO_PREPROD_2510873,800379492,B2C SPK,Dubot Salomé,Creating,WebService,True,18/02/2025 13:59:04,2P_COLDOM
SPK_SPKSO_PREPROD_2510872,501187548,B2C SPK,Dubot Salomé,Creating,WebService,True,18/02/2025 13:44:07,2P_COLDOM
SPK_SPKSO_PREPROD_2510867,800379491,B2C SPK,Dubot Salomé,Creating,WebService,True,17/02/2025 17:59:21,2P_COLDOM
SPK_SPKSO_PREPROD_2510866,800379490,B2C SPK,Dubot Salomé,Creating,WebService,True,17/02/2025 17:59:13,2P_COLDOM
SPK_SPKSO_PREPROD_2510865,501187543,B2C SPK,spareka test,Creating,WebService,True,17/02/2025 17:59:05,2P_COLDOM
SPK_SPKSO_PREPROD_2510860,800379489,B2C SPK,Dubot Salomé,Creating,WebService,True,17/02/2025 17:29:04,CHR_13H
SPK_SPKSO_PREPROD_2510857,501187536,B2C SPK,Dubot Salomé,Creating,WebService,True,17/02/2025 17:14:05,CHR_13H
SPK_SPKSO_PREPROD_2510856,800379488,B2C SPK,Dubot Salomé,Creating,WebService,True,17/02/2025 14:29:05,CHR_13H
SPK_SPKSO_PREPROD_2510855,501187535,B2C SPK,Dubot Salomé,Creating,WebService,True,17/02/2025 14:14:22,CHR_13H
SPK_SPKSO_PREPROD_2510854,501187534,B2C SPK,Dubot Salomé,Creating,WebService,True,17/02/2025 14:14:14,CHR_13H
SPK_SPKSO_PREPROD_2510853,501187533,B2C SPK,Dubot Salomé,Creating,WebService,True,17/02/2025 14:14:05,CHR_13H
SPK_SPKSO_PREPROD_2510852,501187532,B2C SPK,sad asd,Creating,WebService,True,17/02/2025 09:14:05,CHR_13H
SPK_SPKSO_PREPROD_2510851,501187531,B2C SPK,sad asd,Creating,WebService,True,17/02/2025 08:44:04,CHR_13H
SPK_SPKSO_PREPROD_2510850,501187530,B2C SPK,sad asd,Creating,WebService,True,17/02/2025 08:14:04,CHR_13H
SPK_SPKSO_PREPROD_2510849,501187529,B2C SPK,sad asd,Creating,WebService,True,17/02/2025 07:14:05,CHR_13H
SPK_SPKSO_PREPROD_2510848,501187528,B2C SPK,sad asd,Creating,WebService,True,17/02/2025 06:59:04,CHR_13H
SPK_SPKSO_PREPROD_2510842,501187522,B2C SPK,Dubot Salomé,Creating,WebService,True,14/02/2025 12:14:05,CHR_13H
SPK_SPKSO_PREPROD_2510837,501187517,B2C SPK,sad asd,Creating,WebService,True,14/02/2025 11:59:05,CHR_13H
SPK_SPKSO_PREPROD_2510836,501187516,B2C SPK,sad asd,Creating,WebService,True,14/02/2025 11:29:31,CHR_13H
SPK_SPKSO_PREPROD_2510833,501187513,B2C SPK,Dubot Salomé,Creating,WebService,True,14/02/2025 11:29:23,CHR_13H
SPK_SPKSO_PREPROD_2510832,501187512,B2C SPK,Dubot Salomé,Creating,WebService,True,14/02/2025 11:29:14,CHR_13H
SPK_SPKSO_PREPROD_2510831,501187511,B2C SPK,Dubot Salomé,Creating,WebService,True,14/02/2025 11:29:06,
REC_AEW8689,AEW8689,B2C,Lina Lucas,Creating,WebService,True,14/02/2025 08:31:21,408-0743883-1268329
REC_AEW8688,AEW8688,B2C,Axel Barre,Creating,WebService,True,14/02/2025 08:31:16,406-1893010-9969122
REC_AEW8685,AEW8685,B2C,Romain Marie,Creating,WebService,True,14/02/2025 08:31:06,305-4789110-6338767
REC_AEW8684,AEW8684,B2C,Yanis Thomas,Creating,WebService,True,14/02/2025 08:30:56,171-9639762-5689942
REC_AEW8683,AEW8683,B2C,Baptiste Charles,Creating,WebService,True,14/02/2025 08:30:51,402-6923540-0813153
REC_AEW8681,AEW8681,B2C,Louna Deschamps,Creating,WebService,True,14/02/2025 08:30:44,406-1346485-7261143
REC_AEW8679,AEW8679,B2C,Antoine Rousseau,Creating,WebService,True,14/02/2025 08:30:33,536002-21-21000311567
REC_AEW8677,AEW8677,B2C,Maëlle Rey,Creating,WebService,True,14/02/2025 08:30:26,A-3035570-1-A
REC_AEW8676,AEW8676,B2C,Evan Rousseau,Creating,WebService,True,14/02/2025 08:30:22,48860152
REC_AEW8675,AEW8675,B2C,Enzo Olivier,Creating,WebService,True,14/02/2025 08:30:17,12703329
REC_AEW8674,AEW8674,B2C,Romain Le roux,Creating,WebService,True,14/02/2025 08:30:08,A-3035548-1-A
REC_AEW8672,AEW8672,B2C,Lilou Paris,Creating,WebService,True,14/02/2025 08:30:01,A-3035528-1-A
REC_AEW8671,AEW8671,B2C,Raphaël Guyot,Creating,WebService,True,14/02/2025 08:29:56,12703328
REC_AEW8667,AEW8667,B2C,Baptiste Garnier,Creating,WebService,True,14/02/2025 08:29:41,535998-18-18000467881
REC_AEW8666,AEW8666,B2C,Carla Leroux,Creating,WebService,True,14/02/2025 08:29:36,535995-18-18000467880
REC_AEW8665,AEW8665,B2C,Paul Thomas,Creating,WebService,True,14/02/2025 08:29:31,A-3035505-1-A
REC_AEW8664,AEW8664,B2C,Mattéo Roux,Creating,WebService,True,14/02/2025 08:29:27,12703260
REC_AEW8663,AEW8663,B2C,Maëlle Fernandez,Creating,WebService,True,14/02/2025 08:29:16,5372332-A
REC_AEW8660,AEW8660,B2C,Quentin Bourgeois,Creating,WebService,True,14/02/2025 08:29:09,535994-18-18000467879
REC_AEW8659,AEW8659,B2C,Raphaël Lecomte,Creating,WebService,True,14/02/2025 08:29:05,535993-18-18000467878
REC_AEW8658,AEW8658,B2C,Justine Deschamps,Creating,WebService,True,14/02/2025 08:29:00,12702992
REC_AEW8657,AEW8657,B2C,Arthur Marchand,Creating,WebService,True,14/02/2025 08:28:49,12702986
REC_AEW8655,AEW8655,B2C,Nathan Giraud,Creating,WebService,True,14/02/2025 08:28:41,25021321497G4GP
REC_AEW8652,AEW8652,B2C,Léa Gauthier,Creating,WebService,True,14/02/2025 08:28:17,63987383-A
REC_AEW8651,AEW8651,B2C,Mael Pierre,Creating,WebService,True,14/02/2025 08:28:13,63987247-A
REC_AEW8649,AEW8649,B2C,Raphaël Meyer,Creating,WebService,True,14/02/2025 08:28:04,DP5USVOGKP3PO
REC_AEW8646,AEW8646,B2C,Ethan Lecomte,Creating,WebService,True,14/02/2025 08:27:32,12702904
REC_AEW8645,AEW8645,B2C,Carla Da silva,Creating,WebService,True,14/02/2025 08:27:27,12702890
REC_AEW8642,AEW8642,B2C,Anaïs Paris,Creating,WebService,True,14/02/2025 08:27:18,12702783
REC_AEW7959,AEW7959,B2C,Quentin Colin,Creating,WebService,True,13/02/2025 08:11:34,535837-18-18000467798
REC_AEW7958,AEW7958,B2C,Adrien Charles,Creating,WebService,True,13/02/2025 08:11:29,535836-18-18000467797
REC_AEW7957,AEW7957,B2C,Mael Barbier,Creating,WebService,True,13/02/2025 08:11:25,535835-18-18000467796
REC_AEW7956,AEW7956,B2C,Justine Le roux,Creating,WebService,True,13/02/2025 08:11:20,535833-18-18000467794
REC_AEW7955,AEW7955,B2C,Arthur Paul,Creating,WebService,True,13/02/2025 08:11:15,535832-18-18000467793
REC_AEW7954,AEW7954,B2C,Alice Dumont,Creating,WebService,True,13/02/2025 08:11:07,A-3033746-1-A
REC_AEW7952,AEW7952,B2C,Jeanne Robin,Creating,WebService,True,13/02/2025 08:11:00,48831909
REC_AEW7949,AEW7949,B2C,Charlotte Carre,Creating,WebService,True,13/02/2025 08:10:49,535821-18-18000467782
REC_AEW7948,AEW7948,B2C,Ethan Garnier,Creating,WebService,True,13/02/2025 08:10:44,A-3033700-1-A
REC_AEW7945,AEW7945,B2C,Julie Perrot,Creating,WebService,True,13/02/2025 08:10:36,535817-18-18000467778
REC_AEW7944,AEW7944,B2C,Manon Colin,Creating,WebService,True,13/02/2025 08:10:27,3629-3-3000001660
REC_AEW7943,AEW7943,B2C,Arthur Louis,Creating,WebService,True,13/02/2025 08:10:23,48830578
REC_AEW7942,AEW7942,B2C,Yanis Aubert,Creating,WebService,True,13/02/2025 08:10:18,01125_252234376-A
REC_AEW7941,AEW7941,B2C,Jules Marty,Creating,WebService,True,13/02/2025 08:10:14,EM5XIABFGXP6Q
REC_AEW7938,AEW7938,B2C,Noah Perrin,Creating,WebService,True,13/02/2025 08:09:58,5370854-A
REC_AEW7937,AEW7937,B2C,Alicia Dufour,Creating,WebService,True,13/02/2025 08:09:52,121961184_899059-A
REC_AEW7936,AEW7936,B2C,Arthur Colin,Creating,WebService,True,13/02/2025 08:09:47,12693189
REC_AEW7935,AEW7935,B2C,Romain Aubry,Creating,WebService,True,13/02/2025 08:09:43,12693135
REC_AEW7934,AEW7934,B2C,Nathan Bernard,Creating,WebService,True,13/02/2025 08:09:33,12693086
REC_AEW7933,AEW7933,B2C,Léa Prevost,Creating,WebService,True,13/02/2025 08:09:28,12693103
REC_AEW7932,AEW7932,B2C,Lilou Roger,Creating,WebService,True,13/02/2025 08:09:24,12693051
REC_AEW7930,AEW7930,B2C,Laura Pierre,Creating,WebService,True,13/02/2025 08:09:17,6134714-A
REC_AEW7928,AEW7928,B2C,Ines David,Creating,WebService,True,13/02/2025 08:08:48,A-3033484-1-A
REC_AEW7926,AEW7926,B2C,Lena Renaud,Creating,WebService,True,13/02/2025 08:08:41,48829661
REC_AEW7925,AEW7925,B2C,Zoe Mercier,Creating,WebService,True,13/02/2025 08:08:37,DRV327UU4ZANU
REC_AEW7924,AEW7924,B2C,Hugo Renard,Creating,WebService,True,13/02/2025 08:08:07,01125_252230915-A
REC_AEW7920,AEW7920,B2C,Ines Lefevre,Creating,WebService,True,13/02/2025 08:08:00,535809-21-21000311551
REC_AEW7919,AEW7919,B2C,Hugo Barre,Creating,WebService,True,13/02/2025 08:07:55,535807-21-21000311550
REC_AEW7917,AEW7917,B2C,Charlotte Jacquet,Creating,WebService,True,13/02/2025 08:07:25,A-3033535-1-A
REC_AEW7916,AEW7916,B2C,Sarah Marty,Creating,WebService,True,13/02/2025 08:07:21,A-3033517-1-A
REC_AEW7915,AEW7915,B2C,Clément Olivier,Creating,WebService,True,13/02/2025 08:07:16,A-3033540-1-A
REC_AEW7914,AEW7914,B2C,Sarah Pierre,Creating,WebService,True,13/02/2025 08:07:11,407-7125315-0557151
REC_AEW7912,AEW7912,B2C,Zoe Gautier,Creating,WebService,True,13/02/2025 08:06:39,403-4611501-5010741
REC_AEW7911,AEW7911,B2C,Océane Le gall,Creating,WebService,True,13/02/2025 08:06:35,12692844
REC_AEW7909,AEW7909,B2C,Julie Aubry,Creating,WebService,True,13/02/2025 08:06:28,BY5KKNBZQCC4C
REC_AEW6436,AEW6436,B2B,Léa Lacroix,AwaitValidation,WebService,True,12/02/2025 14:09:23,RETAAV3394-1
REC_AEW7106,AEW7106,B2C,Ethan Maillard,Creating,WebService,True,12/02/2025 14:09:04,48798745
REC_AEW7105,AEW7105,B2C,Mattéo Louis,Creating,WebService,True,12/02/2025 14:08:59,63975108-A
REC_AEW7104,AEW7104,B2C,Maeva Renard,Creating,WebService,True,12/02/2025 14:08:54,5369172-A
REC_AEW7101,AEW7101,B2C,Noa Laine,Creating,WebService,True,12/02/2025 14:08:30,171-0155956-3655549
REC_AEW7100,AEW7100,B2C,Pierre Boyer,Creating,WebService,True,12/02/2025 14:08:25,MEC71HQ
REC_AEW7099,AEW7099,B2C,Théo Remy,Creating,WebService,True,12/02/2025 14:08:20,LRFR20250423215437-A
REC_AEW7097,AEW7097,B2C,Antoine Dubois,Creating,WebService,True,12/02/2025 14:08:13,171-2510307-9525943
REC_AEW7096,AEW7096,B2C,Hugo Roux,Creating,WebService,True,12/02/2025 14:08:04,12683611
REC_AEW7095,AEW7095,B2C,Manon Guyot,Creating,WebService,True,12/02/2025 14:07:59,302-8969147-7185933
REC_AEW7093,AEW7093,B2C,Kylian Roux,Creating,WebService,True,12/02/2025 14:07:51,12683416
REC_AEW7091,AEW7091,B2C,Maeva Bernard,Creating,WebService,True,12/02/2025 14:07:36,A-3031558-1-A
REC_AEW7090,AEW7090,B2C,Julien Riviere,Creating,WebService,True,12/02/2025 14:07:31,A-3031576-1-A
REC_AEW7087,AEW7087,B2C,Camille Dupuis,Creating,WebService,True,12/02/2025 14:07:22,48797832
REC_AEW7082,AEW7082,B2C,Louis Marchand,Creating,WebService,True,12/02/2025 14:07:02,12683220
REC_AEW7080,AEW7080,B2C,Maxence Robin,Creating,WebService,True,12/02/2025 14:06:49,12683272
REC_AEW7079,AEW7079,B2C,Alexandre Noel,Creating,WebService,True,12/02/2025 14:06:44,12683215
REC_AEW7078,AEW7078,B2C,Ambre Jacquet,Creating,WebService,True,12/02/2025 14:06:39,12683153
REC_AEW7076,AEW7076,B2C,Zoe Lemoine,Creating,WebService,True,12/02/2025 14:06:17,01125_252132645-A
REC_AEW7072,AEW7072,B2C,Océane Dupuis,Creating,WebService,True,12/02/2025 14:06:05,63974570-A
REC_AEW7070,AEW7070,B2C,Maxime Girard,Creating,WebService,True,12/02/2025 14:05:32,12683115
REC_AEW7069,AEW7069,B2C,Alice Huet,Creating,WebService,True,12/02/2025 14:05:26,01119_252120047-A
REC_AEW7066,AEW7066,B2C,Victor Caron,Creating,WebService,True,12/02/2025 14:05:19,408-0583904-6596336
REC_AEW7064,AEW7064,B2C,Sacha Cousin,Creating,WebService,True,12/02/2025 14:04:49,22-12685-21587
REC_AEW7061,AEW7061,B2C,Célia Pierre,Creating,WebService,True,12/02/2025 14:04:42,01015_252106275-A
REC_AEW7058,AEW7058,B2C,Axel Olivier,Creating,WebService,True,12/02/2025 14:04:35,408-0004683-5225967
REC_AEW7057,AEW7057,B2C,Enzo Roger,Creating,WebService,True,12/02/2025 14:04:05,403-7408939-9653121
REC_AEW7056,AEW7056,B2C,Eva Martin,Creating,WebService,True,12/02/2025 14:04:00,12683029
REC_AEW7055,AEW7055,B2C,Thomas Nicolas,Creating,WebService,True,12/02/2025 14:03:55,12683091
REC_AEW6231,AEW6231,B2C,Antoine Beral,Creating,WebService,True,11/02/2025 15:27:08,testso1m
SPK_SPKSO_PREPROD_2510824,800379488,B2C SPK,Vinciunaite Julija,Creating,WebService,True,11/02/2025 15:06:33,
WOP_W245028,W245028,-,LOGSYS,Creating,WebService,True,11/02/2025 15:03:08,
SPK_SPKSO_PREPROD_2510823,800379487,B2C SPK,Vinciunaite Julija,Creating,WebService,True,11/02/2025 13:59:05,
REC_AEW6230,AEW6230,B2C,Julien Martin,Creating,WebService,True,11/02/2025 09:29:28,63968480-A
REC_AEW6229,AEW6229,B2C,Paul Laine,Creating,WebService,True,11/02/2025 09:29:23,535544-18-18000467623
REC_AEW6228,AEW6228,B2C,Anaïs Huet,Creating,WebService,True,11/02/2025 09:29:18,63968382-A
REC_AEW6225,AEW6225,B2C,Laura Charles,Creating,WebService,True,11/02/2025 09:28:57,63968232-A
REC_AEW6224,AEW6224,B2C,Juliette Richard,Creating,WebService,True,11/02/2025 09:28:52,63968300-A
REC_AEW6221,AEW6221,B2C,Tom Leclercq,Creating,WebService,True,11/02/2025 09:28:32,535539-18-18000467618
REC_AEW6220,AEW6220,B2C,Théo Renard,Creating,WebService,True,11/02/2025 09:28:28,LRFR20250423001909-A
REC_AEW6219,AEW6219,B2C,Emilie Nicolas,Creating,WebService,True,11/02/2025 09:28:23,12673277
REC_AEW6218,AEW6218,B2C,Thomas Robert,Creating,WebService,True,11/02/2025 09:28:18,EMSN22CB56GEM
REC_AEW6215,AEW6215,B2C,Romane Duval,Creating,WebService,True,11/02/2025 09:28:03,12673107
REC_AEW6212,AEW6212,B2C,Lilou Roger,Creating,WebService,True,11/02/2025 09:27:54,535535-18-18000467615
REC_AEW6210,AEW6210,B2C,Yanis Hubert,Creating,WebService,True,11/02/2025 09:27:43,01125_252020107-A
REC_AEW6208,AEW6208,B2C,Ambre Lefevre,Creating,WebService,True,11/02/2025 09:27:36,12673076
REC_AEW6207,AEW6207,B2C,Maëlys Legrand,Creating,WebService,True,11/02/2025 09:27:30,63967769-A
REC_AEW6205,AEW6205,B2C,Anaïs Guyot,Creating,WebService,True,11/02/2025 09:27:22,48766237
REC_AEW6201,AEW6201,B2C,Clément Benoit,Creating,WebService,True,11/02/2025 09:26:56,12672902
REC_AEW6200,AEW6200,B2C,Adam Benoit,Creating,WebService,True,11/02/2025 09:26:51,63967641-A
REC_AEW6198,AEW6198,B2C,Théo Schmitt,Creating,WebService,True,11/02/2025 09:26:44,12672869
REC_AEW6196,AEW6196,B2C,Lou Rolland,Creating,WebService,True,11/02/2025 09:26:14,48765369
REC_AEW6195,AEW6195,B2C,Mélissa Dumas,Creating,WebService,True,11/02/2025 09:26:09,12672844
REC_AEW6194,AEW6194,B2C,Alice Morel,Creating,WebService,True,11/02/2025 09:26:04,48764443
REC_AEW6193,AEW6193,B2C,Gabriel Perrin,Creating,WebService,True,11/02/2025 09:25:59,00742_252018773-A
REC_AEW6190,AEW6190,B2C,Célia Bertrand,Creating,WebService,True,11/02/2025 09:25:25,121942503_875936-A
REC_AEW6189,AEW6189,B2C,Mathis Benoit,Creating,WebService,True,11/02/2025 09:25:20,5367141-A
REC_AEW6187,AEW6187,B2C,Nathan Renaud,Creating,WebService,True,11/02/2025 09:25:13,12672733
REC_AEW6186,AEW6186,B2C,Justine Dupont,Creating,WebService,True,11/02/2025 09:24:42,12672649
REC_AEW6184,AEW6184,B2C,Alice Nguyen,Creating,WebService,True,11/02/2025 09:24:37,12672634
REC_AEW6185,AEW6185,B2C,Alicia Joly,Creating,WebService,True,11/02/2025 09:24:32,A-3028925-1-A
REC_AEW6182,AEW6182,B2C,Justine Masson,Creating,WebService,True,11/02/2025 09:24:25,A-3028990-1-A
SPK_SPKSO_PREPROD_2510820,501187500,B2C SPK,sad asd,Creating,WebService,True,11/02/2025 08:59:06,CHR_13H
SPK_SPKSO_3012844,800499146,B2C SPK,Delebret Arnaud,Creating,WebService,True,10/02/2025 17:22:33,2P_COLDOM
WOP_W245027,W245027,-,LOGSYS,Creating,WebService,True,10/02/2025 17:13:20,
